{"cameraMode":{"drawMode":0,"name":"Shaded","section":"Shading Mode"},"sceneLighting":true,"audioPlay":false,"sceneViewState":{"m_AlwaysRefresh":false,"showFog":true,"showSkybox":true,"showFlares":true,"showImageEffects":true,"showParticleSystems":true,"showVisualEffectGraphs":true,"m_FxEnabled":true},"in2DMode":false,"pivot":{"x":-3.7736072540283205,"y":18.333301544189454,"z":8.618009567260743},"rotation":{"x":0.002394292037934065,"y":0.367713063955307,"z":0.0012797453673556448,"w":-0.9300734996795654},"size":13.022601127624512,"orthographic":false}